DUMPPOINT2,1643854897.5413952,140.0,100.00580794644918,100,180.0
LOADER1,1643855000.904739,258.4020140646607,-150.0,100,90.0
LOADER1,1643855210.7412374,271.17763493072744,-150.0,100,90.0
DUMPPOINT2,1643855215.0626507,140.0,100.00662174354078,100,180.0
LOADER1,1643855408.595765,221.78081053019034,-150.0,100,90.0
DUMPPOINT1,1643855566.089665,-121.21359298136339,140.0,100,270.0
LOADER1,1643855612.249285,231.31739011604094,-150.0,100,90.0
DUMPPOINT2,1643855774.7857215,140.0,100.0020810189237,100,180.0
LOADER1,1643855778.794717,218.5600678334742,-150.0,100,90.0
LOADER1,1643856014.2633326,273.89742366821,-150.0,100,90.0
DUMPPOINT2,1643856029.8664103,140.0,100.00475154430234,100,180.0
DUMPPOINT1,1643856043.8068893,-105.10768542515032,140.0,100,270.0
DUMPPOINT1,1643856269.581652,-75.81661166967531,140.0,100,270.0
LOADER1,1643856309.0684586,242.59493513659217,-150.0,100,90.0
LOADER1,1643856519.9179144,286.2947359580421,-150.0,100,90.0
DUMPPOINT1,1643856586.3080623,-115.5699271381355,140.0,100,270.0
LOADER1,1643856770.2542982,261.8313444255409,-150.0,100,90.0
DUMPPOINT2,1643856826.9002986,140.0,100.00813687048813,100,180.0
LOADER1,1643857016.551652,273.1692552518179,-150.0,100,90.0
DUMPPOINT1,1643857070.579903,-79.9093260566365,140.0,100,270.0
LOADER1,1643857232.2658832,244.37604629957707,-150.0,100,90.0
DUMPPOINT2,1643857336.944483,140.0,100.0052925591994,100,180.0
LOADER1,1643857435.0151675,265.5162480141688,-150.0,100,90.0
DUMPPOINT1,1643857537.7464585,-124.83352915225551,140.0,100,270.0
DUMPPOINT2,1643857676.7649777,140.0,100.00024453265962,100,180.0
LOADER1,1643857756.8153138,242.32233920182665,-150.0,100,90.0
LOADER1,1643857925.4831333,241.69641350739187,-150.0,100,90.0
DUMPPOINT2,1643858018.2331412,140.0,100.00750216400495,100,180.0
LOADER1,1643858160.806401,228.12689068366143,-150.0,100,90.0
DUMPPOINT1,1643858269.812557,-99.11034964968212,140.0,100,270.0
LOADER1,1643858380.5366077,285.01591789894314,-150.0,100,90.0
DUMPPOINT1,1643858544.1082149,-109.06503512598454,140.0,100,270.0
LOADER1,1643858637.627089,273.2118633686131,-150.0,100,90.0
LOADER1,1643858833.9249642,233.17515325478027,-150.0,100,90.0
DUMPPOINT1,1643858837.70492,-67.56931508426806,140.0,100,270.0
DUMPPOINT2,1643859036.8380327,140.0,100.00837072092408,100,180.0
DUMPPOINT1,1643859122.4903183,-101.65978843860901,140.0,100,270.0
LOADER1,1643859208.3424141,243.44557750798498,-150.0,100,90.0
DUMPPOINT2,1643859443.6110845,140.0,100.00814726690012,100,180.0
LOADER1,1643859531.1390758,249.79101101186114,-150.0,100,90.0
DUMPPOINT1,1643859839.823783,-80.50975717669533,140.0,100,270.0
LOADER1,1643859843.663097,253.14269566926927,-150.0,100,90.0
DUMPPOINT2,1643860061.5199823,140.0,100.0064278270204,100,180.0
LOADER1,1643860106.8913593,227.43664762182902,-150.0,100,90.0
LOADER1,1643860348.9921565,252.603099683165,-150.0,100,90.0
DUMPPOINT1,1643860352.2792168,-110.59594107149769,140.0,100,270.0
LOADER1,1643860593.8985364,261.22693495605023,-150.0,100,90.0
DUMPPOINT2,1643860710.9806428,140.0,100.00670506792156,100,180.0
LOADER1,1643860788.001255,256.92604165178403,-150.0,100,90.0
DUMPPOINT1,1643860934.1141934,-123.15112580378567,140.0,100,270.0
LOADER1,1643861007.7316196,242.24411047968348,-150.0,100,90.0
DUMPPOINT2,1643861029.5395849,140.0,100.00702928979895,100,180.0
LOADER1,1643861182.516454,270.2029389004213,-150.0,100,90.0
DUMPPOINT1,1643861210.7611685,-124.39801172758744,140.0,100,270.0
LOADER1,1643861405.710858,265.6498837239691,-150.0,100,90.0
DUMPPOINT2,1643861499.2238438,140.0,100.00035803623024,100,180.0
LOADER1,1643861692.3102598,258.56734737273155,-150.0,100,90.0
DUMPPOINT2,1643861735.8474479,140.0,100.00761255359713,100,180.0
DUMPPOINT1,1643861895.2662246,-110.99707611256953,140.0,100,270.0
LOADER1,1643861958.2788107,258.925491363113,-150.0,100,90.0
LOADER1,1643862166.7154672,218.00781122903632,-150.0,100,90.0
DUMPPOINT1,1643862238.97534,-86.06045474079505,140.0,100,270.0
LOADER1,1643862429.4777386,285.0805116331545,-150.0,100,90.0
DUMPPOINT1,1643862440.8081334,-91.60497199853144,140.0,100,270.0
DUMPPOINT1,1643862645.0165865,-63.504807068146455,140.0,100,270.0
LOADER1,1643862738.328731,221.940189949936,-150.0,100,90.0
LOADER1,1643862994.5033507,234.50681606018298,-150.0,100,90.0
DUMPPOINT1,1643863030.3752553,-94.50898121254248,140.0,100,270.0
LOADER1,1643863223.155156,219.02702427563833,-150.0,100,90.0
DUMPPOINT2,1643863343.797044,140.0,100.00195428007004,100,180.0
DUMPPOINT1,1643863490.867852,-115.71247717660042,140.0,100,270.0
LOADER1,1643863515.365382,256.54693065425687,-150.0,100,90.0
DUMPPOINT2,1643863707.7791855,140.0,100.00057689774809,100,180.0
LOADER1,1643863831.6267862,260.32051030019755,-150.0,100,90.0
LOADER1,1643863992.8673701,258.1129274904292,-150.0,100,90.0
DUMPPOINT1,1643864093.851572,-90.77735343942973,140.0,100,270.0
LOADER1,1643864179.3292105,229.31272622950257,-150.0,100,90.0
DUMPPOINT2,1643864267.8240857,140.0,100.0054641476323,100,180.0
LOADER1,1643864392.4067712,244.03129917713127,-150.0,100,90.0
DUMPPOINT1,1643864434.8122203,-94.16244227338144,140.0,100,270.0
DUMPPOINT2,1643864647.0580997,140.0,100.00110804208902,100,180.0
LOADER1,1643864677.0365598,266.5689318040624,-150.0,100,90.0
LOADER1,1643864933.7960181,228.10793852673504,-150.0,100,90.0
DUMPPOINT2,1643864940.5286918,140.0,100.00788728106481,100,180.0
DUMPPOINT1,1643865222.6586027,-118.511721093236,140.0,100,270.0
LOADER1,1643865226.4085658,267.1356061158865,-150.0,100,90.0
DUMPPOINT2,1643865524.1392827,140.0,100.0056123075784,100,180.0
LOADER1,1643865538.8564367,241.39827711809642,-150.0,100,90.0
LOADER1,1643865698.5072489,241.86252851116032,-150.0,100,90.0
LOADER1,1643865871.2339756,245.20173478346436,-150.0,100,90.0
DUMPPOINT1,1643865907.7418582,-93.14051176811826,140.0,100,270.0
DUMPPOINT1,1643866226.824974,-99.01721927761531,140.0,100,270.0
LOADER1,1643866257.4678714,242.09356110875711,-150.0,100,90.0
LOADER1,1643866439.5349488,281.6059838074958,-150.0,100,90.0
DUMPPOINT2,1643866458.0423515,140.0,100.00678207431392,100,180.0
DUMPPOINT1,1643866486.5263493,-75.89394442310729,140.0,100,270.0
DUMPPOINT2,1643866659.818417,140.0,100.0095431560508,100,180.0
LOADER1,1643866752.8858733,234.30992189785843,-150.0,100,90.0
LOADER1,1643866939.7203283,269.0419295045006,-150.0,100,90.0
DUMPPOINT1,1643867060.9828854,-77.05051194889698,140.0,100,270.0
LOADER1,1643867220.6161387,260.6147315495558,-150.0,100,90.0
DUMPPOINT2,1643867296.784936,140.0,100.00229466842295,100,180.0
DUMPPOINT2,1643867501.97039,140.0,100.00714421844727,100,180.0
LOADER1,1643867504.4927661,254.58478484462105,-150.0,100,90.0
LOADER1,1643867813.6186273,269.6974921624783,-150.0,100,90.0
DUMPPOINT2,1643867829.9196174,140.0,100.00457291737712,100,180.0
LOADER1,1643868021.8160012,233.1652141417125,-150.0,100,90.0
DUMPPOINT2,1643868103.097676,140.0,100.00544800572544,100,180.0
DUMPPOINT1,1643868270.1394067,-93.5613590605253,140.0,100,270.0
LOADER1,1643868270.5273664,267.82936107958284,-150.0,100,90.0
LOADER1,1643868455.989908,242.08218454751153,-150.0,100,90.0
DUMPPOINT1,1643868581.909195,-92.09579533074053,140.0,100,270.0
LOADER1,1643868678.5712366,253.5740705344741,-150.0,100,90.0
DUMPPOINT1,1643868812.296209,-116.23461742952853,140.0,100,270.0
LOADER1,1643868964.397566,225.257674555485,-150.0,100,90.0
DUMPPOINT2,1643868973.2032712,140.0,100.00675637131539,100,180.0
DUMPPOINT1,1643869169.155873,-89.20168359198755,140.0,100,270.0
LOADER1,1643869201.001631,246.1449951268451,-150.0,100,90.0
LOADER1,1643869375.4746146,276.7492632090191,-150.0,100,90.0
DUMPPOINT2,1643869456.9536684,140.0,100.00500503227158,100,180.0
LOADER1,1643869652.6135077,260.7895702169335,-150.0,100,90.0
DUMPPOINT2,1643869663.185553,140.0,100.00466930702613,100,180.0
LOADER1,1643869861.753655,239.68141272200245,-150.0,100,90.0
DUMPPOINT1,1643869891.4796627,-77.34668932313176,140.0,100,270.0
LOADER1,1643870050.6830628,242.9318960774228,-150.0,100,90.0
DUMPPOINT2,1643870174.9681752,140.0,100.00629050519368,100,180.0
LOADER1,1643870384.4529693,258.73658137614666,-150.0,100,90.0
DUMPPOINT2,1643870431.340498,140.0,100.00494825331975,100,180.0
LOADER1,1643870553.071684,258.1281182066344,-150.0,100,90.0
DUMPPOINT2,1643870712.1347082,140.0,100.00303462382843,100,180.0
LOADER1,1643870727.8859878,262.2263183587331,-150.0,100,90.0
DUMPPOINT1,1643870866.2218554,-111.51925097361901,140.0,100,270.0
LOADER1,1643870954.7951627,278.4225598627081,-150.0,100,90.0
DUMPPOINT2,1643871066.1747043,140.0,100.00456743251829,100,180.0
LOADER1,1643871230.991915,236.98844938069414,-150.0,100,90.0
DUMPPOINT1,1643871257.9347472,-104.14510151853642,140.0,100,270.0
LOADER1,1643871506.575313,262.4413745723453,-150.0,100,90.0
DUMPPOINT2,1643871570.8844883,140.0,100.00890029219552,100,180.0
DUMPPOINT1,1643871717.227945,-74.17753499063497,140.0,100,270.0
LOADER1,1643871835.5718331,260.3107183268585,-150.0,100,90.0
LOADER1,1643872003.9332724,265.9213112514485,-150.0,100,90.0
DUMPPOINT1,1643872184.1566427,-119.74836743159445,140.0,100,270.0
LOADER1,1643872234.6006649,245.42642790982828,-150.0,100,90.0
DUMPPOINT2,1643872254.055992,140.0,100.00474500183388,100,180.0
LOADER1,1643872420.5941722,227.16807305941015,-150.0,100,90.0
DUMPPOINT1,1643872555.1888783,-108.47061497974329,140.0,100,270.0
LOADER1,1643872597.199662,268.46624923085994,-150.0,100,90.0
DUMPPOINT2,1643872746.382612,140.0,100.00329196398994,100,180.0
DUMPPOINT1,1643872789.7100425,-87.6952785691417,140.0,100,270.0
LOADER1,1643872925.780118,217.68111198748534,-150.0,100,90.0
DUMPPOINT2,1643873202.2983,140.0,100.001263284002,100,180.0
LOADER1,1643873215.4752827,246.15537048775354,-150.0,100,90.0
DUMPPOINT2,1643873449.568892,140.0,100.00320066264146,100,180.0
LOADER1,1643873461.9838562,213.30025043029423,-150.0,100,90.0
DUMPPOINT2,1643873654.0225203,140.0,100.00748655427326,100,180.0
LOADER1,1643873701.4803503,271.57406920325354,-150.0,100,90.0
LOADER1,1643873900.3658404,228.80291340043394,-150.0,100,90.0
DUMPPOINT1,1643873980.2944567,-113.62251384113607,140.0,100,270.0
LOADER1,1643874176.6049702,259.3512609813844,-150.0,100,90.0
DUMPPOINT2,1643874255.776925,140.0,100.00786822300299,100,180.0
LOADER1,1643874402.8418067,252.78327353563125,-150.0,100,90.0
DUMPPOINT2,1643874494.9026384,140.0,100.00853063506352,100,180.0
LOADER1,1643874575.0678618,240.84753251788388,-150.0,100,90.0
DUMPPOINT2,1643874679.8722618,140.0,100.00089660348002,100,180.0
LOADER1,1643874868.209442,240.41227073515194,-150.0,100,90.0
DUMPPOINT2,1643874877.881827,140.0,100.00356127131747,100,180.0
DUMPPOINT2,1643875180.032996,140.0,100.00686428504274,100,180.0
LOADER1,1643875188.573984,240.89549450319012,-150.0,100,90.0
DUMPPOINT2,1643875399.710784,140.0,100.00731850373445,100,180.0
LOADER1,1643875492.5182333,231.76668727993467,-150.0,100,90.0
LOADER1,1643875754.9449694,233.38089784297804,-150.0,100,90.0
DUMPPOINT2,1643875762.444807,140.0,100.00943647406471,100,180.0
DUMPPOINT2,1643875954.3380694,140.0,100.00229737532598,100,180.0
LOADER1,1643876007.3093352,207.27134961558247,-150.0,100,90.0
LOADER1,1643876199.1350951,269.8037573121273,-150.0,100,90.0
DUMPPOINT1,1643876230.6602879,-122.41950941464452,140.0,100,270.0
DUMPPOINT2,1643876432.3295703,140.0,100.00954069790687,100,180.0
LOADER1,1643876463.9226136,220.00551663172962,-150.0,100,90.0
LOADER1,1643876760.0402637,234.24644831494865,-150.0,100,90.0
DUMPPOINT1,1643876798.6793766,-131.73748617605645,140.0,100,270.0
LOADER1,1643877042.4057226,236.88630150063432,-150.0,100,90.0
DUMPPOINT1,1643877097.2778907,-108.50126796273561,140.0,100,270.0
LOADER1,1643877232.5751524,259.0671191203663,-150.0,100,90.0
DUMPPOINT2,1643877383.2788916,140.0,100.00926654668756,100,180.0
DUMPPOINT1,1643877425.9593825,-70.7048743534413,140.0,100,270.0
LOADER1,1643877527.2972195,258.6762623697342,-150.0,100,90.0
DUMPPOINT2,1643877792.938313,140.0,100.0028710820817,100,180.0
LOADER1,1643877857.7470927,277.03755060278877,-150.0,100,90.0
LOADER1,1643878106.8005428,248.75079934117426,-150.0,100,90.0
DUMPPOINT2,1643878169.5292423,140.0,100.00543159400964,100,180.0
LOADER1,1643878387.4111547,272.8231473031042,-150.0,100,90.0
DUMPPOINT1,1643878394.6959674,-91.32577241870865,140.0,100,270.0
LOADER1,1643878715.1156416,247.84009017281593,-150.0,100,90.0
DUMPPOINT2,1643878721.4924846,140.0,100.00018158013215,100,180.0
LOADER1,1643878893.5897002,257.07255988881536,-150.0,100,90.0
DUMPPOINT1,1643878919.4528918,-73.12354792364546,140.0,100,270.0
LOADER1,1643879083.9759357,232.64805925011436,-150.0,100,90.0
DUMPPOINT1,1643879161.6480567,-87.122307793548,140.0,100,270.0
DUMPPOINT2,1643879389.2048357,140.0,100.00546604037545,100,180.0
LOADER1,1643879417.9251094,256.163135756999,-150.0,100,90.0
DUMPPOINT2,1643879663.749729,140.0,100.00976487423,100,180.0
LOADER1,1643879751.4812536,233.88150819060513,-150.0,100,90.0
LOADER1,1643879925.6819298,258.7314547219687,-150.0,100,90.0
DUMPPOINT2,1643880061.4091306,140.0,100.00276127858146,100,180.0
LOADER1,1643880100.6577404,236.96844884184165,-150.0,100,90.0
DUMPPOINT1,1643880179.913715,-99.59052187183127,140.0,100,270.0
LOADER1,1643880357.821237,277.4052562875131,-150.0,100,90.0
DUMPPOINT2,1643880396.3228965,140.0,100.00711088372243,100,180.0
DUMPPOINT2,1643880611.6175919,140.0,100.00976297497277,100,180.0
LOADER1,1643880671.1230493,238.7505239346074,-150.0,100,90.0
LOADER1,1643880887.8589673,259.8074579651052,-150.0,100,90.0
DUMPPOINT2,1643880927.3270497,140.0,100.00358455147662,100,180.0
DUMPPOINT2,1643881166.8221693,140.0,100.00525109914528,100,180.0
LOADER1,1643881174.7247229,221.8081291077665,-150.0,100,90.0
DUMPPOINT1,1643881414.3823018,-89.39552127652321,140.0,100,270.0
LOADER1,1643881510.3933263,274.0260253469726,-150.0,100,90.0
LOADER1,1643881833.4011843,257.7390106941997,-150.0,100,90.0
DUMPPOINT2,1643881866.9705448,140.0,100.00266008145049,100,180.0
LOADER1,1643882023.8372676,226.577896106819,-150.0,100,90.0
DUMPPOINT2,1643882098.5263143,140.0,100.00319131889013,100,180.0
LOADER1,1643882223.1300232,256.84162696542273,-150.0,100,90.0
DUMPPOINT1,1643882382.333018,-120.36533788858215,140.0,100,270.0
LOADER1,1643882400.253872,243.34945999369762,-150.0,100,90.0
DUMPPOINT2,1643882694.9265332,140.0,100.0090650325969,100,180.0
DUMPPOINT1,1643882705.9713728,-90.26219187513615,140.0,100,270.0
LOADER1,1643882753.1058185,229.75109529721374,-150.0,100,90.0
DUMPPOINT1,1643882960.0676653,-74.62705708020123,140.0,100,270.0
LOADER1,1643882964.4517846,260.43056410183374,-150.0,100,90.0
DUMPPOINT2,1643883182.9303036,140.0,100.00720996719855,100,180.0
LOADER1,1643883295.3369849,254.58944496832103,-150.0,100,90.0
DUMPPOINT1,1643883541.1385517,-78.63210685335322,140.0,100,270.0
LOADER1,1643883548.7782042,273.5310378278231,-150.0,100,90.0
LOADER1,1643883765.3133767,260.06495287132424,-150.0,100,90.0
DUMPPOINT1,1643883898.3087769,-126.23738804013763,140.0,100,270.0
LOADER1,1643883983.404601,246.1873949455871,-150.0,100,90.0
DUMPPOINT2,1643883991.2310655,140.0,100.00888541402026,100,180.0
DUMPPOINT1,1643884287.995115,-90.95858054373494,140.0,100,270.0
LOADER1,1643884301.3768415,279.8022580544048,-150.0,100,90.0
DUMPPOINT1,1643884558.721907,-61.80104021609462,140.0,100,270.0
LOADER1,1643884625.8804545,264.1180561401466,-150.0,100,90.0
DUMPPOINT1,1643884857.8660188,-113.65179027331389,140.0,100,270.0
LOADER1,1643884940.4757836,278.4950553304399,-150.0,100,90.0
LOADER1,1643885178.5659,265.8828446368215,-150.0,100,90.0
DUMPPOINT1,1643885281.9940796,-100.69580697425538,140.0,100,270.0
DUMPPOINT2,1643885380.0716586,140.0,100.00859082955733,100,180.0
LOADER1,1643885513.6249526,253.87423316992755,-150.0,100,90.0
DUMPPOINT2,1643885728.854376,140.0,100.00249936996919,100,180.0
LOADER1,1643885745.1653862,229.99007385418383,-150.0,100,90.0
LOADER1,1643885976.2259223,222.5444265071497,-150.0,100,90.0
DUMPPOINT2,1643885992.994228,140.0,100.00605413134228,100,180.0
LOADER1,1643886188.932311,249.67100749060256,-150.0,100,90.0
DUMPPOINT2,1643886279.1582208,140.0,100.00279242971122,100,180.0
LOADER1,1643886346.3290048,227.20486437470066,-150.0,100,90.0
DUMPPOINT2,1643886470.328792,140.0,100.00254398539747,100,180.0
DUMPPOINT1,1643886557.2431316,-90.04499756268356,140.0,100,270.0
LOADER1,1643886594.184407,231.4082398465124,-150.0,100,90.0
LOADER1,1643886908.4060504,282.48601278948667,-150.0,100,90.0
DUMPPOINT2,1643886924.0428276,140.0,100.00425719805372,100,180.0
LOADER1,1643887117.1971931,229.498278208857,-150.0,100,90.0
DUMPPOINT1,1643887213.4434702,-128.75701408587324,140.0,100,270.0
DUMPPOINT1,1643887377.069367,-127.06998924063713,140.0,100,270.0
LOADER1,1643887442.623901,241.2506804514578,-150.0,100,90.0
LOADER1,1643887655.2381532,233.79025221553783,-150.0,100,90.0
DUMPPOINT1,1643887692.8018565,-67.52632683949635,140.0,100,270.0
LOADER1,1643887889.1674771,266.7643003221978,-150.0,100,90.0
DUMPPOINT1,1643887920.1708941,-84.47984622541262,140.0,100,270.0
LOADER1,1643888057.5831015,264.09328314903263,-150.0,100,90.0
DUMPPOINT1,1643888245.844434,-96.39487032608885,140.0,100,270.0
DUMPPOINT2,1643888282.8477187,140.0,100.00292494104325,100,180.0
LOADER1,1643888383.4573896,248.7741316363109,-150.0,100,90.0
LOADER1,1643888587.3562906,244.14365906510056,-150.0,100,90.0
DUMPPOINT2,1643888738.431252,140.0,100.00389843423143,100,180.0
DUMPPOINT1,1643888846.6848872,-76.55702420759135,140.0,100,270.0
LOADER1,1643888918.6039622,268.2802972326179,-150.0,100,90.0
DUMPPOINT2,1643889220.1644666,140.0,100.00223335240045,100,180.0
LOADER1,1643889243.9344292,244.80000834325574,-150.0,100,90.0
DUMPPOINT1,1643889541.7846107,-84.78766661058482,140.0,100,270.0
LOADER1,1643889545.9344144,252.89102318766675,-150.0,100,90.0
LOADER1,1643889723.5954297,228.70111483475029,-150.0,100,90.0
DUMPPOINT2,1643889841.7228656,140.0,100.00382491313601,100,180.0
LOADER1,1643889913.8282256,248.95025356825644,-150.0,100,90.0
DUMPPOINT2,1643890069.6962726,140.0,100.00172439921903,100,180.0
LOADER1,1643890119.0652642,269.23497903868207,-150.0,100,90.0
DUMPPOINT2,1643890230.4285598,140.0,100.00637510868242,100,180.0
LOADER1,1643890318.1012442,272.56908636718765,-150.0,100,90.0
DUMPPOINT2,1643890533.4269655,140.0,100.00345013932903,100,180.0
LOADER1,1643890568.1354656,244.20719412326963,-150.0,100,90.0
DUMPPOINT2,1643890691.5321321,140.0,100.00351746934942,100,180.0
LOADER1,1643890874.5377004,256.4284856401665,-150.0,100,90.0
DUMPPOINT2,1643890893.9410312,140.0,100.00245506150405,100,180.0
DUMPPOINT2,1643891108.4446447,140.0,100.0082811920129,100,180.0
LOADER1,1643891195.150141,244.94237707969114,-150.0,100,90.0
LOADER1,1643891440.2369618,256.01564826242776,-150.0,100,90.0
DUMPPOINT2,1643891457.9252813,140.0,100.0088136883659,100,180.0
LOADER1,1643891624.212845,223.99057082341218,-150.0,100,90.0
DUMPPOINT1,1643891745.8874776,-110.12658884471345,140.0,100,270.0
LOADER1,1643891838.632821,238.91663030814235,-150.0,100,90.0
DUMPPOINT2,1643891960.9189618,140.0,100.00686970596158,100,180.0
LOADER1,1643892004.9473324,240.71642153054063,-150.0,100,90.0
DUMPPOINT2,1643892128.0397367,140.0,100.00705882233675,100,180.0
LOADER1,1643892266.8869908,272.3474350794207,-150.0,100,90.0
DUMPPOINT1,1643892334.1309752,-120.37277911728336,140.0,100,270.0
LOADER1,1643892559.5633671,260.49942719249873,-150.0,100,90.0
DUMPPOINT2,1643892571.1448095,140.0,100.00233192802816,100,180.0
DUMPPOINT1,1643892781.3049927,-104.0769506188181,140.0,100,270.0
LOADER1,1643892845.156949,253.9786075797704,-150.0,100,90.0
LOADER1,1643893016.3907962,252.0645017781305,-150.0,100,90.0
DUMPPOINT1,1643893152.8538127,-78.36177559944107,140.0,100,270.0
DUMPPOINT2,1643893307.3107898,140.0,100.00685642411388,100,180.0
LOADER1,1643893352.4448466,210.47380742878525,-150.0,100,90.0
LOADER1,1643893540.854032,249.61896654641012,-150.0,100,90.0
DUMPPOINT2,1643893614.8385382,140.0,100.00715479842913,100,180.0
LOADER1,1643893755.3921735,232.53774348113592,-150.0,100,90.0
DUMPPOINT1,1643893903.4168973,-102.9717355845157,140.0,100,270.0
LOADER1,1643893957.522193,264.61525404501816,-150.0,100,90.0
DUMPPOINT2,1643894105.769548,140.0,100.00784486501053,100,180.0
LOADER1,1643894138.3584936,243.3564406694504,-150.0,100,90.0
DUMPPOINT1,1643894290.3361752,-73.132355685596,140.0,100,270.0
LOADER1,1643894478.93828,249.0139546291726,-150.0,100,90.0
DUMPPOINT2,1643894490.713066,140.0,100.0061831579352,100,180.0
LOADER1,1643894689.7228847,234.76085423126375,-150.0,100,90.0
DUMPPOINT1,1643894787.927921,-115.60107815600455,140.0,100,270.0
LOADER1,1643894892.0778143,264.90668211552594,-150.0,100,90.0
DUMPPOINT2,1643895014.5239718,140.0,100.00857805977982,100,180.0
LOADER1,1643895112.217032,258.1669437463609,-150.0,100,90.0
DUMPPOINT1,1643895224.7557127,-69.93482116666627,140.0,100,270.0
LOADER1,1643895274.731965,235.8670827326206,-150.0,100,90.0
DUMPPOINT1,1643895415.298319,-69.70606736810227,140.0,100,270.0
LOADER1,1643895454.8783638,238.6334992863507,-150.0,100,90.0
DUMPPOINT1,1643895596.8018088,-97.61861929235806,140.0,100,270.0
LOADER1,1643895743.4964147,251.39416017304154,-150.0,100,90.0
DUMPPOINT2,1643895776.2872288,140.0,100.00710461163372,100,180.0
LOADER1,1643895909.242338,251.58856709637303,-150.0,100,90.0
DUMPPOINT1,1643896046.2473872,-98.9729250348829,140.0,100,270.0
LOADER1,1643896070.9169347,246.72536048822943,-150.0,100,90.0
DUMPPOINT2,1643896114.807449,140.0,100.00862794212416,100,180.0
DUMPPOINT1,1643896277.6709807,-88.48507699682743,140.0,100,270.0
LOADER1,1643896391.956081,239.3490165933211,-150.0,100,90.0
LOADER1,1643896574.695245,232.60826738880752,-150.0,100,90.0
DUMPPOINT1,1643896634.9332783,-72.63316014330634,140.0,100,270.0
DUMPPOINT2,1643896866.9501083,140.0,100.006234239684,100,180.0
LOADER1,1643896878.081326,234.69735665072164,-150.0,100,90.0
LOADER1,1643897116.0528898,248.38169058730747,-150.0,100,90.0
DUMPPOINT2,1643897150.118489,140.0,100.00976872485012,100,180.0
DUMPPOINT2,1643897344.134159,140.0,100.00551097674649,100,180.0
LOADER1,1643897429.705603,274.2171867239976,-150.0,100,90.0
DUMPPOINT1,1643897624.6592638,-98.08833280080552,140.0,100,270.0
LOADER1,1643897658.3671389,226.02268896779813,-150.0,100,90.0
LOADER1,1643897817.3341868,236.99987596200106,-150.0,100,90.0
DUMPPOINT1,1643897921.703252,-121.49655376845003,140.0,100,270.0
DUMPPOINT1,1643898133.7947423,-100.16755933929954,140.0,100,270.0
LOADER1,1643898141.2134397,247.3146505587743,-150.0,100,90.0
LOADER1,1643898327.8201249,218.45774650091323,-150.0,100,90.0
DUMPPOINT1,1643898426.453417,-118.65550200119546,140.0,100,270.0
LOADER1,1643898633.0202985,223.41294522206235,-150.0,100,90.0
DUMPPOINT2,1643898650.5985062,140.0,100.00475583157655,100,180.0
LOADER1,1643898919.5620167,264.86181396129723,-150.0,100,90.0
DUMPPOINT2,1643898950.5670404,140.0,100.00199303968427,100,180.0
LOADER1,1643899122.498996,252.39124234781886,-150.0,100,90.0
DUMPPOINT2,1643899212.5233011,140.0,100.00769431093858,100,180.0
LOADER1,1643899290.580779,235.5121423143131,-150.0,100,90.0
LOADER1,1643899501.5139484,272.8874732503167,-150.0,100,90.0
DUMPPOINT2,1643899528.6878712,140.0,100.00806335868663,100,180.0
LOADER1,1643899746.3108885,237.90776382332237,-150.0,100,90.0
DUMPPOINT2,1643899819.0762959,140.0,100.00574185064819,100,180.0
DUMPPOINT1,1643899854.2490873,-110.9401220045641,140.0,100,270.0
LOADER1,1643900017.7100945,256.9336571783288,-150.0,100,90.0
DUMPPOINT1,1643900134.9304266,-96.95469090728926,140.0,100,270.0
LOADER1,1643900346.6016684,282.1777942313209,-150.0,100,90.0
DUMPPOINT1,1643900380.583002,-100.6562165415638,140.0,100,270.0
LOADER1,1643900513.36145,239.4355072130833,-150.0,100,90.0
DUMPPOINT2,1643900662.297023,140.0,100.00245499273106,100,180.0
LOADER1,1643900786.6303554,240.27478130952443,-150.0,100,90.0
DUMPPOINT2,1643900872.7193797,140.0,100.00113806638159,100,180.0
DUMPPOINT1,1643900997.5259373,-130.15651722448453,140.0,100,270.0
LOADER1,1643901074.8335218,251.80453857976437,-150.0,100,90.0
DUMPPOINT2,1643901277.5426455,140.0,100.00420422668645,100,180.0
LOADER1,1643901287.9042583,272.94213594171885,-150.0,100,90.0
LOADER1,1643901495.8588526,224.7070215735844,-150.0,100,90.0
DUMPPOINT2,1643901569.0364983,140.0,100.00586288276403,100,180.0
DUMPPOINT2,1643901738.5590398,140.0,100.00269872526395,100,180.0
LOADER1,1643901803.9493165,263.6859974407637,-150.0,100,90.0
LOADER1,1643901989.4007456,256.87578236119293,-150.0,100,90.0
DUMPPOINT2,1643902018.544742,140.0,100.00411851810526,100,180.0
LOADER1,1643902260.8920672,279.28345815514064,-150.0,100,90.0
DUMPPOINT1,1643902323.6933556,-88.99380177187933,140.0,100,270.0
LOADER1,1643902497.9072351,250.6758311410663,-150.0,100,90.0
DUMPPOINT2,1643902597.7073379,140.0,100.00734068916701,100,180.0
LOADER1,1643902670.1112053,230.56595282667087,-150.0,100,90.0
DUMPPOINT1,1643902799.5776963,-140.95570746146626,140.0,100,270.0
LOADER1,1643902978.0321875,278.43339073279077,-150.0,100,90.0
DUMPPOINT1,1643903073.7120903,-130.79496080251698,140.0,100,270.0
LOADER1,1643903153.7312315,248.37181590737146,-150.0,100,90.0
DUMPPOINT2,1643903173.3193753,140.0,100.00453981304642,100,180.0
LOADER1,1643903454.9394133,221.05520353772087,-150.0,100,90.0
DUMPPOINT1,1643903460.0418398,-97.35623348638367,140.0,100,270.0
LOADER1,1643903717.1375868,244.53716770590788,-150.0,100,90.0
DUMPPOINT1,1643903777.580792,-89.67135539390154,140.0,100,270.0
DUMPPOINT2,1643904014.390571,140.0,100.00668033183388,100,180.0
LOADER1,1643904040.3225763,258.13263876378176,-150.0,100,90.0
DUMPPOINT1,1643904239.9674735,-130.27918944967507,140.0,100,270.0
LOADER1,1643904374.6432252,226.72059691687875,-150.0,100,90.0
LOADER1,1643904531.9457285,282.61703606281816,-150.0,100,90.0
DUMPPOINT2,1643904727.9371583,140.0,100.00628606522977,100,180.0
LOADER1,1643904856.9398644,263.96941455684924,-150.0,100,90.0
DUMPPOINT2,1643904991.9268992,140.0,100.00206372805468,100,180.0
DUMPPOINT1,1643905054.187382,-108.37806252426375,140.0,100,270.0
LOADER1,1643905125.974891,233.62659710595642,-150.0,100,90.0
DUMPPOINT2,1643905328.0531683,140.0,100.00375730872136,100,180.0
LOADER1,1643905412.8536146,259.6302071229004,-150.0,100,90.0
DUMPPOINT2,1643905658.9520912,140.0,100.00345887687371,100,180.0
LOADER1,1643905729.08812,238.19496815447587,-150.0,100,90.0
LOADER1,1643905936.4450572,261.2247892189008,-150.0,100,90.0
DUMPPOINT1,1643905996.2907445,-83.69821043783692,140.0,100,270.0
DUMPPOINT1,1643906245.3022976,-87.16798771663139,140.0,100,270.0
LOADER1,1643906251.9655533,237.4886295460062,-150.0,100,90.0
LOADER1,1643906534.1341448,239.8869249346813,-150.0,100,90.0
DUMPPOINT2,1643906556.7121713,140.0,100.00296694603747,100,180.0
LOADER1,1643906707.6259062,236.04486095532374,-150.0,100,90.0
DUMPPOINT2,1643906736.2842033,140.0,100.0019556337121,100,180.0
LOADER1,1643907013.1015494,279.4969246070284,-150.0,100,90.0
DUMPPOINT1,1643907019.7041318,-132.4509142806828,140.0,100,270.0
LOADER1,1643907270.3999712,270.4279748851387,-150.0,100,90.0
DUMPPOINT2,1643907286.4221656,140.0,100.00889331193841,100,180.0
LOADER1,1643907570.5936387,259.1448414154653,-150.0,100,90.0
DUMPPOINT1,1643907597.1101751,-73.68480272663398,140.0,100,270.0
LOADER1,1643907828.6015348,237.88972827782607,-150.0,100,90.0
DUMPPOINT1,1643907910.0144136,-98.92437593155182,140.0,100,270.0
DUMPPOINT1,1643908072.4198472,-78.50797879653021,140.0,100,270.0
LOADER1,1643908111.452148,248.11353236354205,-150.0,100,90.0
LOADER1,1643908283.3264186,246.6462149699389,-150.0,100,90.0
DUMPPOINT2,1643908451.5137308,140.0,100.00662852559567,100,180.0
LOADER1,1643908488.369701,235.53495778994798,-150.0,100,90.0
DUMPPOINT1,1643908583.5418417,-85.53821463973136,140.0,100,270.0
LOADER1,1643908793.7244892,258.71272629427705,-150.0,100,90.0
DUMPPOINT2,1643908814.2193055,140.0,100.00359189932084,100,180.0
LOADER1,1643909048.7647479,254.17028202843412,-150.0,100,90.0
DUMPPOINT2,1643909141.036142,140.0,100.00656428491592,100,180.0
LOADER1,1643909224.531985,266.92484490118454,-150.0,100,90.0
DUMPPOINT2,1643909445.3610768,140.0,100.00967492721065,100,180.0
LOADER1,1643909542.623981,272.6230474111282,-150.0,100,90.0
DUMPPOINT2,1643909728.1713421,140.0,100.00260141539306,100,180.0
DUMPPOINT1,1643909806.2684395,-79.06458158352763,140.0,100,270.0
LOADER1,1643909825.4463944,239.12190849400395,-150.0,100,90.0
LOADER1,1643909992.6803465,272.72540868382663,-150.0,100,90.0
DUMPPOINT2,1643910106.3649764,140.0,100.00020136756378,100,180.0
LOADER1,1643910256.4217994,266.67381326217617,-150.0,100,90.0
DUMPPOINT2,1643910425.3784819,140.0,100.00450783836762,100,180.0
LOADER1,1643910565.7453194,250.7527438915592,-150.0,100,90.0
DUMPPOINT2,1643910624.3249516,140.0,100.00509347375453,100,180.0
DUMPPOINT1,1643910792.7113192,-90.79097213010336,140.0,100,270.0
LOADER1,1643910876.8310485,288.04598710987705,-150.0,100,90.0
DUMPPOINT2,1643911128.7541642,140.0,100.00094732521191,100,180.0
LOADER1,1643911150.267757,240.59118404952662,-150.0,100,90.0
LOADER1,1643911323.750641,281.72983317220894,-150.0,100,90.0
DUMPPOINT1,1643911498.187241,-115.3803610346092,140.0,100,270.0
LOADER1,1643911500.6211658,249.59806921830125,-150.0,100,90.0
DUMPPOINT2,1643911574.4825253,140.0,100.00560713247602,100,180.0
LOADER1,1643911746.6154613,242.3625677906285,-150.0,100,90.0
DUMPPOINT2,1643911790.4870176,140.0,100.00997370593707,100,180.0
LOADER1,1643911980.0422401,249.36775657808593,-150.0,100,90.0
DUMPPOINT2,1643912018.4597392,140.0,100.00962766815525,100,180.0
DUMPPOINT2,1643912174.8623385,140.0,100.0032049050933,100,180.0
LOADER1,1643912306.1240053,228.10645293337438,-150.0,100,90.0
LOADER1,1643912640.7612364,254.69723898379323,-150.0,100,90.0
DUMPPOINT2,1643912672.8195267,140.0,100.00517477337144,100,180.0
LOADER1,1643912892.2739494,265.9880764531856,-150.0,100,90.0
DUMPPOINT1,1643912917.8414202,-127.88278027869414,140.0,100,270.0
LOADER1,1643913126.749679,230.0480591651769,-150.0,100,90.0
DUMPPOINT1,1643913173.7748144,-106.02443320030055,140.0,100,270.0
LOADER1,1643913355.8047137,259.07123531287687,-150.0,100,90.0
DUMPPOINT1,1643913420.816347,-109.14111830889732,140.0,100,270.0
LOADER1,1643913631.396574,250.42591563511755,-150.0,100,90.0
DUMPPOINT2,1643913686.7446184,140.0,100.00947112019738,100,180.0
LOADER1,1643913851.7821093,261.3505866327659,-150.0,100,90.0
DUMPPOINT1,1643913968.372647,-95.87116762045692,140.0,100,270.0
DUMPPOINT2,1643914119.4345086,140.0,100.0038577389264,100,180.0
LOADER1,1643914128.0495315,253.67495062134628,-150.0,100,90.0
LOADER1,1643914393.3261688,232.34319540773114,-150.0,100,90.0
DUMPPOINT2,1643914434.9122007,140.0,100.00633198872247,100,180.0
DUMPPOINT2,1643914632.3856833,140.0,100.00605392861962,100,180.0
LOADER1,1643914720.9284728,275.48759222520187,-150.0,100,90.0
LOADER1,1643914889.4241273,234.13888742266187,-150.0,100,90.0
DUMPPOINT2,1643915078.1826026,140.0,100.00463724204508,100,180.0
LOADER1,1643915159.3244388,237.3735804651685,-150.0,100,90.0
LOADER1,1643915341.7634442,271.0578320013842,-150.0,100,90.0
DUMPPOINT2,1643915348.5510802,140.0,100.0025425464836,100,180.0
DUMPPOINT1,1643915456.3764727,-111.7299782202804,140.0,100,270.0
LOADER1,1643915644.10653,287.52115871505094,-150.0,100,90.0
DUMPPOINT2,1643915691.517254,140.0,100.00493877299532,100,180.0
DUMPPOINT1,1643915895.8852181,-121.56803811968206,140.0,100,270.0
LOADER1,1643915974.412828,253.9993214954366,-150.0,100,90.0
LOADER1,1643916186.301935,242.86987586838643,-150.0,100,90.0
DUMPPOINT1,1643916232.7896483,-70.57280371148248,140.0,100,270.0
LOADER1,1643916349.9670687,239.91060207332197,-150.0,100,90.0
DUMPPOINT1,1643916531.1414485,-118.17357750060775,140.0,100,270.0
LOADER1,1643916536.3280184,245.56063113323899,-150.0,100,90.0
DUMPPOINT2,1643916628.7640626,140.0,100.00345554405297,100,180.0
LOADER1,1643916813.7061706,266.17839779445774,-150.0,100,90.0
DUMPPOINT1,1643916882.8741004,-114.2894880808563,140.0,100,270.0
LOADER1,1643917098.370735,218.11741076197862,-150.0,100,90.0
DUMPPOINT1,1643917167.1078155,-103.71706740304259,140.0,100,270.0
LOADER1,1643917273.3023052,265.02602036165854,-150.0,100,90.0
DUMPPOINT2,1643917338.196276,140.0,100.00273363479573,100,180.0
LOADER1,1643917438.0868874,240.8647267052217,-150.0,100,90.0
DUMPPOINT2,1643917604.1036475,140.0,100.00969855446512,100,180.0
LOADER1,1643917774.5373037,266.06083147525663,-150.0,100,90.0
DUMPPOINT2,1643917790.917252,140.0,100.00867295255573,100,180.0
DUMPPOINT2,1643918066.8507679,140.0,100.00811783120342,100,180.0
LOADER1,1643918112.3757522,216.52722550231343,-150.0,100,90.0
LOADER1,1643918430.3753505,245.53229488339628,-150.0,100,90.0
DUMPPOINT1,1643918462.6265974,-101.04819996645945,140.0,100,270.0
LOADER1,1643918695.3773549,284.4844121421405,-150.0,100,90.0
DUMPPOINT2,1643918783.1236506,140.0,100.00833905261288,100,180.0
LOADER1,1643918937.8976774,235.72535447318234,-150.0,100,90.0
DUMPPOINT1,1643919028.17716,-76.12770684686588,140.0,100,270.0
DUMPPOINT2,1643919178.3648417,140.0,100.00205861758684,100,180.0
LOADER1,1643919264.1352963,249.09096017168818,-150.0,100,90.0
LOADER1,1643919521.5735881,230.74772627909852,-150.0,100,90.0
DUMPPOINT1,1643919555.1459048,-70.75908184296188,140.0,100,270.0
DUMPPOINT2,1643919745.7560074,140.0,100.00829961723072,100,180.0
LOADER1,1643919805.8320014,231.94784292635248,-150.0,100,90.0
LOADER1,1643919996.2110238,254.54759661152085,-150.0,100,90.0
DUMPPOINT1,1643920159.1446402,-114.24216658471815,140.0,100,270.0
LOADER1,1643920240.3215797,284.90587222616034,-150.0,100,90.0
DUMPPOINT1,1643920468.6766505,-140.82314616061234,140.0,100,270.0
LOADER1,1643920483.9128058,273.5182333778555,-150.0,100,90.0
DUMPPOINT2,1643920535.6411347,140.0,100.00464532380185,100,180.0
LOADER1,1643920693.0034225,219.83883468413336,-150.0,100,90.0
DUMPPOINT2,1643920769.252755,140.0,100.00894562886954,100,180.0
LOADER1,1643920914.3840768,286.33858920857097,-150.0,100,90.0
DUMPPOINT2,1643921022.889733,140.0,100.00291454320262,100,180.0
DUMPPOINT1,1643921134.2993362,-87.1335824481823,140.0,100,270.0
LOADER1,1643921143.1218326,223.63189159055514,-150.0,100,90.0
DUMPPOINT1,1643921372.7051208,-99.48428428597636,140.0,100,270.0
LOADER1,1643921436.600378,251.97413881285792,-150.0,100,90.0
DUMPPOINT2,1643921629.3753703,140.0,100.00879747165092,100,180.0
LOADER1,1643921757.000258,255.59873885749948,-150.0,100,90.0
LOADER1,1643921927.1313322,246.5909536096515,-150.0,100,90.0
DUMPPOINT2,1643922031.397676,140.0,100.00745786831655,100,180.0
LOADER1,1643922157.0469227,286.36708692919046,-150.0,100,90.0
DUMPPOINT1,1643922235.2487502,-105.09169473190003,140.0,100,270.0
LOADER1,1643922375.867996,270.27090514599456,-150.0,100,90.0
DUMPPOINT1,1643922502.7599084,-113.03905593977427,140.0,100,270.0
LOADER1,1643922551.5169153,234.2089260604268,-150.0,100,90.0
DUMPPOINT2,1643922627.0760381,140.0,100.00186718587378,100,180.0
LOADER1,1643922793.0517976,247.08741443414294,-150.0,100,90.0
DUMPPOINT1,1643922840.8210843,-85.7938671618524,140.0,100,270.0
DUMPPOINT1,1643923051.0603871,-118.60615703624015,140.0,100,270.0
LOADER1,1643923063.2754474,268.1528258568498,-150.0,100,90.0
LOADER1,1643923268.23797,258.169787394206,-150.0,100,90.0
DUMPPOINT1,1643923381.6753762,-134.45174799397807,140.0,100,270.0
LOADER1,1643923513.973791,283.53886385664924,-150.0,100,90.0
DUMPPOINT2,1643923552.7085671,140.0,100.00064458784577,100,180.0
LOADER1,1643923812.3232803,239.83231015803955,-150.0,100,90.0
DUMPPOINT2,1643923862.0330193,140.0,100.00600457757568,100,180.0
LOADER1,1643924052.1612978,215.13348236172612,-150.0,100,90.0
DUMPPOINT1,1643924089.2268276,-84.75352791669194,140.0,100,270.0
DUMPPOINT2,1643924276.0759501,140.0,100.00092168455154,100,180.0
LOADER1,1643924368.852852,222.916553446317,-150.0,100,90.0
LOADER1,1643924534.8361604,264.29793391302115,-150.0,100,90.0
DUMPPOINT1,1643924727.7964764,-65.83432297767467,140.0,100,270.0
LOADER1,1643924743.2861004,252.4627738076269,-150.0,100,90.0
DUMPPOINT1,1643924938.0171373,-71.76791932966587,140.0,100,270.0
LOADER1,1643925085.7175064,250.57429290433896,-150.0,100,90.0
DUMPPOINT1,1643925156.3811035,-112.5607274595288,140.0,100,270.0
DUMPPOINT1,1643925329.5088408,-99.90997216288476,140.0,100,270.0
LOADER1,1643925373.3518386,243.54065734416866,-150.0,100,90.0
LOADER1,1643925589.0534039,233.63985634193108,-150.0,100,90.0
DUMPPOINT1,1643925616.216191,-89.58723682801389,140.0,100,270.0
LOADER1,1643925749.5344307,272.85249702181625,-150.0,100,90.0
DUMPPOINT1,1643925883.2965221,-96.87803396494662,140.0,100,270.0
LOADER1,1643925910.2311256,222.8600012902417,-150.0,100,90.0
DUMPPOINT2,1643925945.6500854,140.0,100.00214741877912,100,180.0
DUMPPOINT1,1643926110.765774,-107.6805393252707,140.0,100,270.0
LOADER1,1643926135.6995487,262.75419216033237,-150.0,100,90.0
LOADER1,1643926453.7488663,229.27548314160265,-150.0,100,90.0
DUMPPOINT1,1643926481.7942264,-106.43222640211467,140.0,100,270.0
LOADER1,1643926667.7513263,279.14275856809746,-150.0,100,90.0
DUMPPOINT2,1643926735.3538876,140.0,100.0096405158542,100,180.0
DUMPPOINT2,1643926888.0174038,140.0,100.00514429425101,100,180.0
LOADER1,1643926906.7467937,269.18662331732685,-150.0,100,90.0
LOADER1,1643927235.259909,238.91165424687134,-150.0,100,90.0
DUMPPOINT1,1643927260.6964326,-123.16844771054367,140.0,100,270.0
DUMPPOINT1,1643927494.5361419,-90.06169711012824,140.0,100,270.0
LOADER1,1643927540.7065141,253.13935274257534,-150.0,100,90.0
DUMPPOINT2,1643927762.0824103,140.0,100.00147359079067,100,180.0
LOADER1,1643927853.5270278,250.18092900165703,-150.0,100,90.0
LOADER1,1643928058.7040164,267.59417823877794,-150.0,100,90.0
DUMPPOINT2,1643928199.149204,140.0,100.00010384682908,100,180.0
LOADER1,1643928257.1727169,250.41962347707442,-150.0,100,90.0
DUMPPOINT2,1643928444.4571507,140.0,100.00436532153986,100,180.0
LOADER1,1643928585.512434,257.81648597845384,-150.0,100,90.0
DUMPPOINT2,1643928625.2690406,140.0,100.00818900480775,100,180.0
DUMPPOINT1,1643928797.400512,-66.77187167897647,140.0,100,270.0
LOADER1,1643928922.0210812,271.26762922195593,-150.0,100,90.0
LOADER1,1643929188.770459,248.10264151944924,-150.0,100,90.0
DUMPPOINT1,1643929255.4096339,-94.94318209990135,140.0,100,270.0
DUMPPOINT2,1643929404.186181,140.0,100.00449347721441,100,180.0
LOADER1,1643929456.600952,258.32352771202,-150.0,100,90.0
DUMPPOINT1,1643929678.1994975,-111.90740643047329,140.0,100,270.0
LOADER1,1643929768.521292,241.17990237320873,-150.0,100,90.0
DUMPPOINT1,1643930022.7504814,-91.31771220283446,140.0,100,270.0
LOADER1,1643930072.7643013,246.2088990976332,-150.0,100,90.0
DUMPPOINT2,1643930291.587702,140.0,100.00315869878416,100,180.0
LOADER1,1643930309.6936688,256.6551792357148,-150.0,100,90.0
DUMPPOINT2,1643930594.3763142,140.0,100.00114116320793,100,180.0
LOADER1,1643930597.9457002,263.5577465501653,-150.0,100,90.0
LOADER1,1643930867.251574,242.71603662756394,-150.0,100,90.0
DUMPPOINT2,1643930924.1929688,140.0,100.00549986038192,100,180.0
LOADER1,1643931067.2102478,259.90938489328056,-150.0,100,90.0
DUMPPOINT1,1643931140.212012,-132.79365636541732,140.0,100,270.0
LOADER1,1643931326.7110994,239.16019040318346,-150.0,100,90.0
DUMPPOINT2,1643931346.7116954,140.0,100.00586391279543,100,180.0
LOADER1,1643931493.390894,251.4644611008685,-150.0,100,90.0
DUMPPOINT1,1643931530.6524324,-98.22496015885943,140.0,100,270.0
DUMPPOINT2,1643931755.2984703,140.0,100.00701158899496,100,180.0
LOADER1,1643931788.2629158,246.87556633505687,-150.0,100,90.0
LOADER1,1643932056.2389421,282.3493371754777,-150.0,100,90.0
DUMPPOINT2,1643932059.5014977,140.0,100.00214633774513,100,180.0
DUMPPOINT2,1643932259.0424604,140.0,100.0094688260494,100,180.0
LOADER1,1643932353.8749452,229.70403178470278,-150.0,100,90.0
DUMPPOINT2,1643932552.5263588,140.0,100.00924446829504,100,180.0
LOADER1,1643932628.2034156,247.52087780161767,-150.0,100,90.0
DUMPPOINT1,1643932871.8200226,-61.70780611042727,140.0,100,270.0
LOADER1,1643932920.9998395,267.08468877315755,-150.0,100,90.0
LOADER1,1643933134.738169,229.3273289049191,-150.0,100,90.0
DUMPPOINT2,1643933278.1721137,140.0,100.00153608870063,100,180.0
LOADER1,1643933313.8051274,246.27320179929688,-150.0,100,90.0
DUMPPOINT1,1643933479.200715,-81.6957092782113,140.0,100,270.0
LOADER1,1643933524.0251963,234.43483137889004,-150.0,100,90.0
DUMPPOINT2,1643933660.457374,140.0,100.00129627928996,100,180.0
LOADER1,1643933714.3793044,248.55603043814966,-150.0,100,90.0
DUMPPOINT1,1643933883.5397809,-135.2049630705335,140.0,100,270.0
LOADER1,1643933884.3532474,272.58636279153825,-150.0,100,90.0
DUMPPOINT2,1643933985.226236,140.0,100.00583073089625,100,180.0
LOADER1,1643934176.455948,221.46768185087436,-150.0,100,90.0
DUMPPOINT2,1643934272.221334,140.0,100.00782555274702,100,180.0
DUMPPOINT2,1643934426.0229175,140.0,100.00162349456023,100,180.0
LOADER1,1643934463.5625958,262.9922170378467,-150.0,100,90.0
LOADER1,1643934667.307347,234.4436005806103,-150.0,100,90.0
DUMPPOINT2,1643934797.9539285,140.0,100.00762984561081,100,180.0
LOADER1,1643934917.1065106,261.7132776370069,-150.0,100,90.0
DUMPPOINT1,1643934941.9264688,-120.09877162492938,140.0,100,270.0
LOADER1,1643935219.8648942,261.9205166104725,-150.0,100,90.0
DUMPPOINT2,1643935239.3712375,140.0,100.00235712738129,100,180.0
DUMPPOINT2,1643935489.9494772,140.0,100.00162959200497,100,180.0
LOADER1,1643935495.2232323,265.80945249934183,-150.0,100,90.0
LOADER1,1643935684.0657446,250.59172015864098,-150.0,100,90.0
DUMPPOINT1,1643935691.6093864,-109.68349193863357,140.0,100,270.0
LOADER1,1643935887.243886,228.9074439690165,-150.0,100,90.0
DUMPPOINT2,1643936158.9670017,140.0,100.00412792859382,100,180.0
LOADER1,1643936212.610279,261.1699399434851,-150.0,100,90.0
DUMPPOINT1,1643936249.6109066,-113.16118474941301,140.0,100,270.0
LOADER1,1643936528.870002,244.9988522002356,-150.0,100,90.0
DUMPPOINT1,1643936553.2533693,-79.76083758763437,140.0,100,270.0
DUMPPOINT1,1643936780.8705907,-78.01396089729046,140.0,100,270.0
LOADER1,1643936799.9402068,233.98297781202098,-150.0,100,90.0
LOADER1,1643936973.3251007,205.58494864683627,-150.0,100,90.0
DUMPPOINT1,1643937055.8213573,-118.49267152554249,140.0,100,270.0
LOADER1,1643937171.3985937,237.27210994234227,-150.0,100,90.0
DUMPPOINT2,1643937214.2514498,140.0,100.00372698942083,100,180.0
LOADER1,1643937382.9264677,260.03603374367816,-150.0,100,90.0
DUMPPOINT2,1643937469.077353,140.0,100.00803941819021,100,180.0
LOADER1,1643937592.2025378,226.0715428287605,-150.0,100,90.0
DUMPPOINT2,1643937736.4480538,140.0,100.00662209767583,100,180.0
DUMPPOINT1,1643937824.161146,-90.4068084984803,140.0,100,270.0
LOADER1,1643937912.01642,263.8528992377483,-150.0,100,90.0
LOADER1,1643938178.5847538,261.34618810057634,-150.0,100,90.0
DUMPPOINT2,1643938278.6286206,140.0,100.00476233054471,100,180.0
DUMPPOINT1,1643938387.761672,-93.68905966597622,140.0,100,270.0
LOADER1,1643938503.380594,244.74288577373443,-150.0,100,90.0
LOADER1,1643938828.8738472,217.0335288647604,-150.0,100,90.0
DUMPPOINT1,1643938850.2015176,-140.44177861832168,140.0,100,270.0
LOADER1,1643939068.2904513,237.002285218025,-150.0,100,90.0
DUMPPOINT2,1643939193.2570891,140.0,100.00764279042738,100,180.0
LOADER1,1643939310.7960658,239.20278366204906,-150.0,100,90.0
DUMPPOINT2,1643939496.268016,140.0,100.00323158763909,100,180.0
DUMPPOINT1,1643939624.3763132,-122.16206204754381,140.0,100,270.0
LOADER1,1643939645.6317918,229.10038932273386,-150.0,100,90.0
DUMPPOINT1,1643939854.4027328,-122.86971050606923,140.0,100,270.0
LOADER1,1643939949.7751596,235.46893328758662,-150.0,100,90.0
LOADER1,1643940120.5869684,247.12533927538522,-150.0,100,90.0
DUMPPOINT2,1643940203.533634,140.0,100.00067724354206,100,180.0
LOADER1,1643940308.62104,223.54358474519466,-150.0,100,90.0
DUMPPOINT1,1643940432.4750805,-102.02930856284428,140.0,100,270.0
DUMPPOINT2,1643940533.179052,140.0,100.00921982677463,100,180.0
LOADER1,1643940607.604706,255.75982573121595,-150.0,100,90.0
DUMPPOINT2,1643940901.4886782,140.0,100.00098900048482,100,180.0
LOADER1,1643940914.618703,246.06435277138422,-150.0,100,90.0
